Id;Idade;Candidato
1;31;C
2;36;A
3;52;C
4;51;C
5;39;C
6;44;C
7;48;A
8;47;C
9;29;A
10;44;A
11;28;C
12;52;C
13;48;A
14;34;C
15;43;A
16;52;C
17;30;C
18;33;C
19;49;A
20;39;C
21;39;C
22;49;C
23;41;C
24;24;A
25;36;C
26;29;A
27;46;C
28;20;A
29;32;A
30;34;C
31;46;A
32;43;A
33;36;C
34;31;C
35;38;C
36;51;A
37;40;A
38;51;C
39;32;C
40;27;C
41;37;C
42;36;C
43;43;C
44;48;C
45;41;C
46;49;C
47;39;C
48;25;A
49;31;A
50;23;C
51;45;C
52;40;C
53;36;C
54;48;C
55;34;A
56;43;C
57;16;C
58;36;C
59;25;A
60;53;A
61;40;C
62;54;A
63;44;A
64;57;A
65;39;C
66;43;A
67;37;A
68;39;A
69;28;C
70;56;A
71;36;A
72;45;C
73;41;A
74;49;A
75;28;C
76;43;C
77;44;C
78;27;C
79;54;C
80;48;C
81;33;C
82;31;C
83;59;A
84;36;C
85;44;C
86;34;C
87;60;C
88;39;C
89;36;C
90;38;A
91;26;A
92;49;A
93;33;A
94;42;A
95;46;C
96;36;A
97;38;C
98;40;C
99;33;A
100;38;C
101;48;C
102;41;C
103;52;A
104;35;A
105;44;C
106;55;C
107;28;A
108;29;A
109;31;A
110;46;C
111;49;C
112;31;A
113;34;C
114;49;C
115;31;A
116;47;C
117;44;A
118;30;A
119;38;A
120;38;C
121;39;C
122;35;C
123;47;C
124;37;A
125;36;C
126;53;A
127;44;C
128;52;A
129;45;C
130;16;A
131;39;C
132;39;A
133;31;A
134;41;C
135;30;C
136;33;A
137;53;C
138;46;A
139;29;C
140;44;C
141;46;A
142;35;C
143;39;A
144;42;C
145;39;C
146;35;C
147;36;C
148;55;A
149;41;A
150;59;C
151;39;C
152;28;A
153;49;C
154;42;A
155;42;A
156;40;C
157;39;A
158;47;C
159;28;A
160;53;C
161;45;C
162;44;C
163;45;C
164;44;C
165;27;A
166;20;C
167;41;A
168;39;C
169;58;A
170;44;C
171;53;C
172;63;C
173;39;C
174;40;A
175;39;C
176;60;C
177;43;A
178;36;C
179;20;C
180;36;A
181;43;A
182;58;A
183;34;C
184;58;C
185;43;C
186;41;C
187;31;C
188;69;A
189;30;C
190;31;C
191;34;C
192;25;C
193;36;C
194;33;A
195;37;C
196;32;C
197;46;C
198;34;C
199;32;C
200;27;C
201;61;C
202;26;C
203;20;C
204;37;C
205;63;A
206;55;C
207;33;C
208;34;C
209;32;A
210;28;C
211;36;C
212;45;A
213;44;C
214;27;A
215;46;C
216;31;A
217;37;C
218;37;C
219;59;C
220;58;A
221;50;C
222;51;C
223;32;C
224;35;C
225;41;C
226;48;A
227;25;C
228;51;A
229;27;C
230;33;C
231;37;A
232;34;A
233;49;A
234;33;A
235;46;A
236;39;A
237;34;C
238;33;A
239;28;C
240;31;C
241;50;A
242;40;C
243;31;A
244;40;A
245;39;A
246;50;C
247;43;A
248;47;A
249;42;C
250;29;A
251;43;C
252;54;C
253;41;A
254;39;C
255;34;A
256;32;A
257;44;A
258;42;C
259;48;C
260;53;A
261;42;A
262;31;C
263;32;A
264;39;C
265;30;C
266;41;C
267;29;C
268;26;C
269;34;A
270;40;C
271;55;A
272;31;A
273;25;C
274;41;A
275;47;A
276;49;C
277;44;C
278;16;A
279;47;C
280;28;C
281;24;A
282;46;C
283;48;C
284;32;C
285;29;C
286;34;C
287;24;C
288;39;A
289;33;C
290;41;C
291;31;C
292;46;C
293;48;A
294;44;C
295;44;C
296;43;C
297;43;A
298;37;C
299;22;C
300;35;A
301;51;A
302;31;C
303;46;C
304;34;C
305;28;C
306;50;C
307;49;C
308;29;C
309;33;C
310;42;C
311;28;C
312;52;A
313;26;A
314;49;A
315;35;A
316;56;C
317;59;C
318;27;A
319;57;C
320;27;C
321;38;C
322;47;A
323;36;C
324;46;A
325;48;C
326;38;C
327;36;A
328;46;A
329;38;A
330;28;C
331;46;C
332;49;A
333;33;A
334;39;C
335;54;C
336;29;C
337;32;A
338;40;C
339;38;C
340;54;A
341;40;C
342;46;A
343;51;A
344;39;A
345;52;C
346;41;C
347;19;C
348;59;C
349;38;A
350;59;A
351;44;C
352;44;A
353;34;C
354;35;C
355;48;A
356;25;C
357;41;C
358;39;C
359;61;C
360;47;A
361;46;A
362;43;C
363;26;A
364;37;A
365;36;C
366;39;C
367;24;C
368;42;A
369;36;C
370;30;C
371;29;C
372;46;C
373;59;C
374;38;A
375;49;A
376;44;C
377;33;A
378;43;A
379;38;C
380;54;C
381;47;A
382;26;C
383;41;A
384;49;C
385;29;C
386;49;C
387;21;C
388;22;A
389;42;C
390;37;A
391;42;A
392;38;A
393;51;A
394;21;C
395;29;C
396;49;C
397;39;A
398;25;A
399;45;C
400;59;C
401;46;A
402;50;A
403;53;C
404;49;C
405;46;C
406;47;C
407;34;C
408;69;A
409;17;C
410;32;A
411;49;C
412;41;C
413;30;C
414;30;A
415;45;A
416;37;C
417;27;A
418;44;A
419;35;C
420;41;C
421;46;C
422;44;A
423;28;C
424;46;C
425;36;A
426;39;A
427;32;C
428;68;A
429;46;C
430;32;A
431;59;C
432;46;C
433;25;A
434;31;C
435;58;C
436;49;C
437;49;C
438;20;C
439;44;C
440;34;C
441;45;A
442;49;C
443;53;C
444;41;C
445;44;A
446;44;C
447;47;A
448;29;C
449;30;C
450;41;A
451;44;C
452;50;C
453;50;A
454;44;C
455;50;C
456;39;C
457;22;A
458;41;A
459;42;A
460;26;A
461;36;A
462;30;A
463;37;C
464;28;A
465;40;C
466;33;C
467;32;C
468;27;C
469;36;C
470;60;C
471;50;C
472;50;C
473;46;C
474;44;C
475;30;A
476;53;C
477;38;C
478;25;A
479;39;C
480;37;C
481;57;A
482;36;C
483;44;C
484;23;A
485;37;C
486;46;C
487;43;C
488;41;C
489;43;C
490;53;A
491;24;A
492;53;A
493;31;C
494;49;A
495;35;A
496;54;C
497;47;A
498;51;C
499;37;A
500;56;A
501;66;A
502;29;A
503;40;C
504;20;C
505;41;A
506;28;C
507;57;C
508;40;A
509;38;C
510;49;C
511;42;C
512;34;A
513;48;C
514;33;A
515;31;C
516;52;A
517;43;C
518;39;A
519;50;A
520;50;A
521;47;C
522;56;C
523;54;C
524;32;A
525;27;C
526;43;A
527;37;A
528;35;C
529;34;C
530;23;C
531;50;C
532;52;C
533;45;C
534;44;A
535;24;A
536;33;A
537;30;C
538;46;A
539;35;A
540;42;C
541;54;C
542;39;C
543;44;A
544;37;C
545;68;C
546;34;A
547;30;A
548;35;A
549;58;C
550;32;C
551;40;C
552;25;A
553;60;A
554;41;C
555;40;C
556;29;C
557;43;C
558;34;A
559;54;C
560;56;C
561;48;A
562;39;C
563;41;A
564;36;C
565;49;C
566;47;C
567;29;C
568;42;A
569;37;A
570;56;A
571;54;C
572;31;C
573;46;A
574;39;C
575;47;A
576;33;C
577;53;A
578;45;C
579;46;C
580;33;A
581;46;C
582;39;A
583;45;A
584;63;A
585;32;C
586;26;A
587;44;A
588;40;C
589;41;C
590;39;C
591;39;A
592;38;A
593;48;C
594;33;C
595;42;A
596;20;A
597;55;C
598;33;C
599;38;C
600;33;C
601;49;A
602;33;C
603;25;C
604;43;C
605;61;C
606;31;A
607;26;C
608;43;A
609;60;A
610;45;C
611;18;A
612;28;A
613;42;C
614;41;C
615;52;A
616;60;C
617;43;C
618;58;C
619;44;A
620;39;C
621;48;C
622;51;A
623;36;C
624;43;C
625;42;C
626;41;C
627;32;C
628;42;A
629;27;A
630;49;A
631;29;A
632;50;C
633;34;A
634;32;A
635;20;A
636;41;A
637;32;C
638;51;A
639;43;C
640;27;A
641;36;C
642;27;A
643;59;A
644;42;C
645;45;C
646;32;C
647;28;C
648;47;A
649;26;A
650;31;C
651;51;A
652;54;C
653;28;A
654;40;A
655;37;C
656;38;C
657;62;C
658;36;C
659;38;A
660;44;C
661;33;A
662;33;C
663;40;C
664;37;C
665;49;C
666;17;A
667;51;A
668;44;C
669;38;C
670;49;C
671;39;A
672;58;C
673;31;A
674;50;A
675;30;A
676;40;C
677;32;A
678;36;A
679;37;C
680;47;C
681;46;C
682;20;C
683;44;A
684;46;C
685;44;A
686;51;A
687;35;C
688;44;C
689;63;A
690;56;C
691;38;C
692;44;C
693;53;C
694;46;A
695;46;C
696;30;A
697;47;A
698;60;C
699;45;A
700;44;C
701;47;C
702;41;A
703;45;C
704;51;A
705;36;A
706;31;A
707;38;C
708;42;C
709;33;A
710;37;A
711;31;C
712;27;A
713;33;C
714;29;C
715;39;A
716;51;C
717;50;A
718;40;A
719;37;C
720;47;A
721;55;A
722;22;C
723;29;C
724;30;C
725;49;C
726;35;C
727;46;C
728;16;A
729;37;C
730;60;A
731;40;C
732;46;C
733;30;C
734;31;C
735;55;A
736;23;C
737;37;A
738;46;C
739;25;A
740;33;C
741;23;C
742;38;C
743;28;C
744;38;C
745;33;C
746;40;C
747;44;C
748;55;A
749;37;C
750;46;C
751;53;A
752;18;C
753;36;A
754;20;A
755;39;C
756;23;A
757;38;A
758;32;A
759;32;C
760;54;A
761;40;C
762;28;A
763;29;C
764;56;A
765;37;C
766;40;C
767;50;C
768;38;A
769;52;A
770;29;C
771;42;C
772;41;A
773;41;A
774;44;C
775;44;A
776;27;C
777;48;A
778;30;A
779;30;C
780;49;A
781;52;C
782;42;C
783;47;C
784;56;A
785;51;C
786;47;C
787;29;C
788;38;C
789;46;A
790;27;A
791;26;C
792;26;C
793;42;C
794;54;A
795;42;C
796;41;A
797;48;C
798;32;A
799;55;C
800;54;C
801;38;C
802;36;C
803;38;C
804;48;C
805;42;C
806;51;C
807;56;A
808;50;C
809;38;C
810;27;C
811;55;C
812;54;A
813;39;A
814;47;C
815;40;A
816;33;C
817;41;C
818;41;C
819;48;A
820;33;A
821;40;A
822;40;A
823;48;A
824;32;C
825;43;A
826;31;A
827;42;C
828;46;A
829;47;C
830;45;C
831;35;C
832;42;C
833;51;C
834;40;C
835;35;A
836;41;A
837;27;C
838;46;A
839;33;C
840;47;C
841;35;C
842;47;A
843;56;A
844;50;A
845;33;A
846;45;A
847;43;A
848;41;C
849;57;C
850;49;A
851;54;A
852;49;C
853;46;A
854;40;C
855;33;C
856;58;A
857;30;C
858;36;C
859;39;C
860;46;A
861;34;A
862;40;C
863;43;A
864;42;A
865;52;C
866;46;C
867;21;C
868;33;C
869;41;A
870;43;C
871;32;C
872;31;C
873;54;A
874;25;C
875;29;C
876;24;A
877;44;C
878;36;C
879;26;C
880;32;C
881;49;A
882;18;C
883;27;A
884;40;A
885;31;A
886;53;C
887;48;A
888;58;C
889;43;C
890;35;A
891;29;A
892;50;A
893;34;A
894;37;C
895;27;C
896;59;C
897;28;C
898;61;C
899;37;A
900;39;A
901;36;A
902;51;C
903;21;C
904;40;C
905;30;A
906;31;A
907;36;C
908;52;C
909;38;C
910;49;A
911;47;C
912;37;C
913;33;C
914;44;C
915;46;C
916;27;C
917;56;A
918;42;C
919;52;A
920;51;A
921;47;C
922;38;C
923;48;A
924;56;C
925;38;A
926;59;C
927;37;C
928;40;A
929;30;A
930;17;C
931;50;C
932;37;C
933;27;A
934;42;C
935;38;C
936;45;C
937;44;C
938;38;A
939;47;C
940;54;A
941;28;C
942;57;A
943;57;C
944;50;C
945;28;C
946;34;C
947;32;A
948;33;C
949;53;C
950;46;C
951;26;A
952;46;A
953;40;A
954;64;A
955;40;C
956;47;C
957;39;A
958;51;C
959;48;C
960;50;A
961;43;A
962;35;A
963;37;A
964;44;A
965;30;A
966;42;C
967;40;A
968;39;A
969;60;C
970;37;C
971;19;C
972;38;A
973;46;C
974;44;C
975;59;C
976;44;C
977;43;A
978;48;C
979;49;C
980;54;C
981;30;A
982;31;C
983;38;A
984;24;C
985;32;A
986;33;C
987;44;A
988;30;C
989;41;A
990;53;C
991;32;C
992;44;C
993;34;C
994;45;C
995;33;C
996;59;A
997;42;C
998;34;C
999;44;C
1000;55;A
1001;50;C
1002;53;A
1003;46;A
1004;50;A
1005;19;C
1006;40;A
1007;40;A
1008;36;C
1009;38;A
1010;33;C
1011;24;C
1012;44;A
1013;34;C
1014;56;C
1015;44;C
1016;44;A
1017;47;C
1018;24;A
1019;55;C
1020;33;C
1021;40;C
1022;48;C
1023;39;C
1024;21;C
1025;39;A
1026;39;C
1027;39;C
1028;33;C
1029;26;A
1030;44;A
1031;47;C
1032;48;C
1033;41;C
1034;25;A
1035;55;A
1036;62;A
1037;43;C
1038;45;C
1039;44;C
1040;49;C
1041;39;A
1042;45;C
1043;52;C
1044;40;C
1045;31;C
1046;37;A
1047;33;A
1048;25;C
1049;47;A
1050;46;C
1051;37;A
1052;41;C
1053;33;C
1054;53;A
1055;42;A
1056;49;C
1057;50;C
1058;39;A
1059;38;A
1060;32;C
1061;42;C
1062;45;A
1063;32;C
1064;41;C
1065;45;A
1066;49;C
1067;58;A
1068;34;A
1069;35;A
1070;39;C
1071;35;A
1072;26;C
1073;47;C
1074;18;C
1075;46;C
1076;32;C
1077;46;C
1078;38;C
1079;45;C
1080;48;C
1081;56;C
1082;34;A
1083;38;A
1084;29;C
1085;23;A
1086;57;C
1087;41;C
1088;36;C
1089;38;A
1090;56;C
1091;52;C
1092;35;C
1093;22;A
1094;29;A
1095;37;C
1096;36;C
1097;51;C
1098;41;C
1099;26;C
1100;31;A
1101;37;A
1102;32;C
1103;24;C
1104;36;C
1105;52;C
1106;46;C
1107;30;C
1108;39;A
1109;49;C
1110;39;A
1111;47;A
1112;41;C
1113;29;C
1114;56;C
1115;48;C
1116;32;C
1117;41;C
1118;35;C
1119;22;A
1120;45;C
1121;46;C
1122;39;C
1123;43;C
1124;31;C
1125;21;A
1126;33;C
1127;43;A
1128;35;C
1129;23;A
1130;33;C
1131;34;C
1132;29;C
1133;45;A
1134;42;C
1135;23;C
1136;43;C
1137;34;C
1138;68;A
1139;34;A
1140;36;A
1141;35;C
1142;31;C
1143;20;C
1144;22;C
1145;37;C
1146;51;A
1147;28;C
1148;48;A
1149;25;C
1150;40;C
1151;46;C
1152;25;C
1153;41;C
1154;46;A
1155;38;A
1156;39;C
1157;40;A
1158;52;A
1159;55;C
1160;48;A
1161;42;C
1162;35;C
1163;17;A
1164;42;C
1165;36;C
1166;42;A
1167;52;C
1168;59;A
1169;43;C
1170;43;A
1171;27;C
1172;30;A
1173;30;C
1174;43;A
1175;32;A
1176;30;C
1177;62;A
1178;24;C
1179;46;C
1180;46;C
1181;44;A
1182;34;A
1183;38;A
1184;26;C
1185;33;A
1186;29;C
1187;42;A
1188;45;A
1189;34;C
1190;47;C
1191;56;C
1192;47;A
1193;39;A
1194;36;A
1195;18;C
1196;55;C
1197;30;C
1198;70;C
1199;34;A
1200;34;C
1201;31;C
1202;33;C
1203;37;C
1204;34;A
1205;40;C
1206;37;A
1207;36;C
1208;42;A
1209;34;C
1210;55;A
1211;37;A
1212;39;A
1213;31;C
1214;53;A
1215;43;C
1216;35;A
1217;53;C
1218;41;A
1219;36;C
1220;38;A
1221;22;C
1222;25;A
1223;35;A
1224;40;A
1225;63;A
1226;38;C
1227;48;A
1228;21;A
1229;58;A
1230;17;C
1231;34;C
1232;33;C
1233;45;C
1234;33;A
1235;52;A
1236;58;C
1237;39;A
1238;39;C
1239;35;A
1240;50;C
1241;47;C
1242;29;A
1243;56;A
1244;41;A
1245;43;A
1246;43;C
1247;35;C
1248;49;C
1249;48;C
1250;44;A
1251;47;A
1252;35;A
1253;44;C
1254;48;A
1255;41;A
1256;21;A
1257;33;A
1258;32;A
1259;50;A
1260;41;A
1261;51;C
1262;35;C
1263;26;A
1264;45;A
1265;40;C
1266;28;C
1267;39;A
1268;33;A
1269;49;C
1270;38;C
1271;55;C
1272;37;C
1273;61;A
1274;29;A
1275;39;C
1276;31;A
1277;39;C
1278;32;A
1279;54;A
1280;51;C
1281;38;A
1282;69;C
1283;40;C
1284;23;A
1285;35;C
1286;34;C
1287;46;C
1288;44;C
1289;39;A
1290;31;A
1291;37;C
1292;41;A
1293;34;C
1294;38;A
1295;45;C
1296;29;C
1297;41;A
1298;33;C
1299;46;A
1300;42;C
1301;27;A
1302;31;A
1303;37;C
1304;59;A
1305;27;A
1306;36;A
1307;36;C
1308;43;C
1309;49;A
1310;62;C
1311;53;A
1312;37;A
1313;54;C
1314;26;C
1315;44;A
1316;41;C
1317;25;A
1318;61;A
1319;53;C
1320;53;A
1321;31;A
1322;36;C
1323;51;A
1324;30;C
1325;34;A
1326;41;A
1327;29;A
1328;26;C
1329;36;C
1330;39;A
1331;37;A
1332;45;C
1333;27;A
1334;32;C
1335;22;C
1336;44;C
1337;35;C
1338;40;C
1339;34;C
1340;38;C
1341;49;C
1342;35;A
1343;44;C
1344;41;C
1345;45;A
1346;44;A
1347;47;C
1348;52;C
1349;44;A
1350;37;C
1351;29;C
1352;26;A
1353;38;A
1354;23;C
1355;17;C
1356;38;A
1357;53;C
1358;34;C
1359;36;A
1360;38;C
1361;31;C
1362;48;C
1363;43;C
1364;46;A
1365;38;A
1366;45;C
1367;31;C
1368;42;C
1369;40;A
1370;33;C
1371;44;C
1372;35;C
1373;23;C
1374;37;C
1375;24;C
1376;58;C
1377;43;A
1378;43;C
1379;45;C
1380;43;C
1381;43;A
1382;55;C
1383;44;A
1384;33;A
1385;29;A
1386;57;A
1387;44;C
1388;50;C
1389;42;C
1390;33;C
1391;48;A
1392;45;C
1393;36;A
1394;37;C
1395;39;C
1396;31;C
1397;42;C
1398;47;A
1399;57;A
1400;30;A
1401;43;A
1402;45;C
1403;41;C
1404;44;C
1405;50;C
1406;41;C
1407;40;A
1408;35;C
1409;44;C
1410;45;A
1411;31;C
1412;39;C
1413;34;A
1414;23;C
1415;34;A
1416;37;C
1417;26;A
1418;20;A
1419;30;C
1420;34;C
1421;58;C
1422;47;C
1423;34;C
1424;31;A
1425;41;C
1426;43;C
1427;40;A
1428;37;C
1429;38;A
1430;49;A
1431;27;C
1432;24;C
1433;23;A
1434;34;C
1435;25;A
1436;56;C
1437;44;C
1438;40;A
1439;31;A
1440;49;C
1441;23;C
1442;32;C
1443;48;C
1444;39;A
1445;50;C
1446;34;C
1447;43;C
1448;30;A
1449;41;C
1450;27;C
1451;39;A
1452;34;C
1453;35;A
1454;52;C
1455;44;A
1456;31;A
1457;55;C
1458;36;C
1459;37;C
1460;43;C
1461;49;A
1462;33;A
1463;60;C
1464;30;C
1465;40;A
1466;43;C
1467;50;A
1468;35;C
1469;18;C
1470;41;C
1471;41;C
1472;35;A
1473;53;C
1474;42;C
1475;40;C
1476;28;C
1477;45;C
1478;32;A
1479;50;A
1480;42;C
1481;20;A
1482;40;A
1483;31;C
1484;42;A
1485;39;A
1486;36;C
1487;39;A
1488;42;C
1489;49;C
1490;43;A
1491;43;A
1492;25;C
1493;39;A
1494;27;A
1495;41;C
1496;40;A
1497;60;C
1498;25;A
1499;25;C
1500;25;C
1501;47;C
1502;44;C
1503;34;C
1504;40;C
1505;53;C
1506;51;C
1507;39;A
1508;20;A
1509;31;A
1510;43;C
1511;38;C
1512;43;C
1513;36;A
1514;48;C
1515;39;A
1516;54;A
1517;33;A
1518;25;C
1519;47;A
1520;47;A
1521;47;A
1522;21;C
1523;56;C
1524;49;C
1525;37;A
1526;48;C
1527;29;A
1528;34;C
1529;35;C
1530;34;C
1531;47;C
1532;42;C
1533;43;C
1534;46;C
1535;49;A
1536;46;C
1537;36;A
1538;36;C
1539;38;C
1540;61;C
1541;35;C
1542;49;A
1543;21;C
1544;45;A
1545;20;A
1546;50;A
1547;33;C
1548;29;C
1549;36;A
1550;28;C
1551;32;A
1552;21;A
1553;34;A
1554;52;A
1555;30;C
1556;31;A
1557;26;C
1558;25;C
1559;43;A
1560;46;C
1561;24;C
1562;50;A
1563;20;C
1564;28;A
1565;33;A
1566;32;C
1567;45;A
1568;36;A
1569;36;A
1570;47;A
1571;28;C
1572;54;A
1573;54;A
1574;43;C
1575;38;A
1576;47;C
1577;23;C
1578;50;C
1579;28;C
1580;58;C
1581;45;A
1582;39;A
1583;40;C
1584;36;C
1585;33;A
1586;36;C
1587;16;A
1588;51;C
1589;31;C
1590;49;C
1591;42;C
1592;42;C
1593;54;A
1594;29;A
1595;54;C
1596;24;A
1597;39;C
1598;35;C
1599;31;C
1600;30;A
1601;29;A
1602;35;C
1603;36;C
1604;36;C
1605;59;C
1606;40;A
1607;62;C
1608;43;A
1609;50;C
1610;36;A
1611;43;A
1612;41;A
1613;32;A
1614;37;A
1615;45;C
1616;60;C
1617;53;C
1618;39;C
1619;51;C
1620;42;C
1621;36;C
1622;42;A
1623;34;C
1624;63;C
1625;36;C
1626;48;C
1627;39;C
1628;42;C
1629;39;A
1630;38;A
1631;50;A
1632;24;C
1633;53;C
1634;29;A
1635;33;A
1636;51;C
1637;45;C
1638;53;A
1639;58;A
1640;50;C
1641;37;A
1642;46;C
1643;39;A
1644;51;A
1645;34;C
1646;46;A
1647;53;C
1648;45;C
1649;42;C
1650;25;A
1651;34;C
1652;56;A
1653;40;A
1654;37;A
1655;44;C
1656;57;A
1657;28;C
1658;43;C
1659;54;C
1660;28;A
1661;61;C
1662;45;C
1663;30;A
1664;18;A
1665;53;A
1666;28;C
1667;24;C
1668;39;C
1669;63;A
1670;40;A
1671;24;A
1672;41;C
1673;36;C
1674;40;A
1675;46;C
1676;46;A
1677;37;C
1678;35;C
1679;55;A
1680;61;A
1681;51;A
1682;44;A
1683;48;C
1684;33;C
1685;47;A
1686;50;C
1687;42;C
1688;31;C
1689;19;A
1690;30;A
1691;23;A
1692;47;C
1693;45;A
1694;51;C
1695;34;A
1696;27;C
1697;42;A
1698;21;C
1699;55;C
1700;49;A
1701;56;A
1702;58;C
1703;43;C
1704;34;C
1705;46;A
1706;54;A
1707;44;C
1708;33;C
1709;56;C
1710;35;C
1711;45;C
1712;41;A
1713;37;A
1714;40;A
1715;40;A
1716;40;C
1717;43;A
1718;33;A
1719;41;C
1720;25;C
1721;56;C
1722;41;A
1723;42;C
1724;50;C
1725;41;C
1726;47;A
1727;35;C
1728;27;C
1729;57;C
1730;47;C
1731;52;C
1732;30;C
1733;49;C
1734;30;A
1735;21;A
1736;31;A
1737;41;C
1738;25;C
1739;52;C
1740;46;C
1741;62;A
1742;34;A
1743;31;A
1744;46;C
1745;44;A
1746;39;C
1747;36;C
1748;26;A
1749;42;A
1750;46;A
1751;24;C
1752;43;A
1753;54;A
1754;52;C
1755;29;A
1756;39;C
1757;34;C
1758;24;C
1759;46;A
1760;21;C
1761;38;A
1762;52;A
1763;32;A
1764;26;A
1765;47;A
1766;34;A
1767;44;C
1768;56;C
1769;23;C
1770;29;C
1771;57;C
1772;45;C
1773;52;C
1774;20;A
1775;39;C
1776;35;A
1777;32;C
1778;57;C
1779;37;C
1780;33;A
1781;34;C
1782;33;A
1783;42;C
1784;48;A
1785;16;C
1786;53;C
1787;34;A
1788;40;C
1789;47;A
1790;50;A
1791;36;C
1792;41;A
1793;38;C
1794;35;C
1795;39;C
1796;38;C
1797;38;C
1798;35;C
1799;33;A
1800;22;C
1801;38;C
1802;47;C
1803;28;A
1804;29;A
1805;36;A
1806;40;C
1807;28;C
1808;54;C
1809;58;A
1810;43;C
1811;56;A
1812;44;A
1813;35;A
1814;39;A
1815;59;A
1816;55;A
1817;56;C
1818;39;A
1819;30;C
1820;48;C
1821;50;A
1822;39;C
1823;37;A
1824;36;A
1825;40;A
1826;38;A
1827;38;A
1828;49;C
1829;28;A
1830;26;C
1831;51;A
1832;40;C
1833;30;C
1834;59;A
1835;47;C
1836;56;A
1837;47;C
1838;48;A
1839;37;A
1840;22;C
1841;43;C
1842;48;A
1843;40;C
1844;43;A
1845;42;C
1846;46;A
1847;61;C
1848;58;A
1849;33;A
1850;49;C
1851;42;C
1852;55;A
1853;35;C
1854;32;C
1855;60;A
1856;41;C
1857;40;C
1858;33;C
1859;45;C
1860;36;A
1861;44;C
1862;56;A
1863;40;C
1864;33;A
1865;42;A
1866;50;C
1867;36;C
1868;47;A
1869;41;C
1870;50;A
1871;39;C
1872;40;C
1873;45;C
1874;63;C
1875;36;C
1876;28;C
1877;20;C
1878;23;C
1879;35;C
1880;21;A
1881;46;C
1882;41;C
1883;54;C
1884;41;C
1885;47;C
1886;47;C
1887;55;A
1888;53;C
1889;29;A
1890;38;A
1891;47;C
1892;40;A
1893;50;C
1894;20;C
1895;50;C
1896;53;A
1897;23;C
1898;40;C
1899;39;C
1900;34;A
1901;41;C
1902;44;A
1903;32;C
1904;50;C
1905;52;C
1906;35;C
1907;41;C
1908;53;C
1909;33;C
1910;32;A
1911;45;C
1912;26;C
1913;31;C
1914;45;A
1915;33;A
1916;60;A
1917;53;C
1918;43;C
1919;28;A
1920;42;C
1921;51;A
1922;40;C
1923;53;C
1924;64;C
1925;34;A
1926;31;A
1927;50;A
1928;60;C
1929;39;A
1930;47;C
1931;37;C
1932;53;C
1933;40;C
1934;49;C
1935;35;C
1936;37;A
1937;30;C
1938;40;A
1939;26;A
1940;51;A
1941;66;C
1942;27;C
1943;41;A
1944;52;C
1945;33;A
1946;46;C
1947;43;C
1948;42;C
1949;45;C
1950;46;A
1951;39;C
1952;44;A
1953;60;C
1954;52;C
1955;28;C
1956;32;A
1957;38;C
1958;25;C
1959;44;A
1960;36;A
1961;24;C
1962;51;A
1963;36;C
1964;35;C
1965;42;A
1966;43;C
1967;20;C
1968;32;A
1969;31;C
1970;57;C
1971;38;C
1972;43;C
1973;46;A
1974;36;C
1975;27;C
1976;46;A
1977;61;C
1978;48;A
1979;48;A
1980;29;C
1981;38;C
1982;24;C
1983;59;C
1984;53;C
1985;30;A
1986;47;A
1987;40;A
1988;49;A
1989;44;C
1990;31;A
1991;37;C
1992;17;C
1993;20;C
1994;45;C
1995;54;A
1996;47;C
1997;44;C
1998;21;C
1999;28;C
2000;48;C
2001;49;A
2002;39;A
2003;49;A
2004;48;C
2005;39;C
2006;27;C
2007;48;C
2008;49;C
2009;44;A
2010;40;C
2011;38;A
2012;44;C
2013;58;C
2014;61;A
2015;42;C
2016;29;A
2017;32;C
2018;41;A
2019;39;A
2020;32;C
2021;38;A
2022;60;C
2023;43;C
2024;42;C
2025;40;C
2026;45;C
2027;43;A
2028;59;C
2029;21;A
2030;39;A
2031;40;A
2032;37;C
2033;63;C
2034;49;A
2035;26;A
2036;49;A
2037;33;C
2038;45;A
2039;40;C
2040;40;C
2041;45;A
2042;31;A
2043;56;C
2044;25;A
2045;48;C
2046;50;A
2047;46;A
2048;28;A
2049;24;C
2050;60;C
2051;32;C
2052;41;C
2053;35;C
2054;35;C
2055;33;C
2056;37;C
2057;37;C
2058;35;C
2059;52;A
2060;31;C
2061;37;A
2062;30;C
2063;36;A
2064;42;C
2065;46;C
2066;55;C
2067;43;C
2068;32;C
2069;50;A
2070;37;C
2071;53;A
2072;40;A
2073;30;A
2074;37;C
2075;29;A
2076;29;A
2077;32;A
2078;26;C
2079;49;C
2080;49;C
2081;26;C
2082;32;A
2083;40;C
2084;47;C
2085;29;A
2086;42;A
2087;34;C
2088;40;A
2089;41;A
2090;42;C
2091;37;A
2092;46;A
2093;47;A
2094;50;C
2095;42;C
2096;45;A
2097;38;C
2098;49;C
2099;49;C
2100;67;C
2101;51;A
2102;34;A
2103;49;C
2104;35;A
2105;29;C
2106;63;A
2107;30;C
2108;29;C
2109;71;C
2110;37;A
2111;26;A
2112;42;C
2113;45;C
2114;30;A
2115;46;A
2116;27;A
2117;39;C
2118;36;C
2119;40;C
2120;22;C
2121;32;A
2122;20;C
2123;31;C
2124;47;A
2125;39;A
2126;49;C
2127;29;C
2128;34;C
2129;51;A
2130;46;A
2131;36;C
2132;57;C
2133;23;C
2134;34;C
2135;48;C
2136;36;C
2137;42;A
2138;30;C
2139;28;A
2140;35;C
2141;34;A
2142;66;C
2143;32;C
2144;56;C
2145;36;C
2146;34;C
2147;43;A
2148;54;C
2149;47;A
2150;35;C
2151;42;A
2152;32;A
2153;49;A
2154;29;A
2155;22;A
2156;34;C
2157;27;C
2158;46;A
2159;41;C
2160;62;A
2161;32;A
2162;37;A
2163;47;C
2164;42;C
2165;42;C
2166;41;A
2167;51;A
2168;38;A
2169;51;C
2170;29;C
2171;38;A
2172;39;C
2173;33;C
2174;48;A
2175;45;C
2176;56;C
2177;40;C
2178;27;A
2179;45;A
2180;20;C
2181;39;C
2182;38;C
2183;59;A
2184;46;C
2185;25;C
2186;38;C
2187;42;A
2188;38;C
2189;46;C
2190;36;C
2191;37;C
2192;40;A
2193;51;C
2194;30;C
2195;38;C
2196;56;C
2197;46;A
2198;50;A
2199;50;C
2200;51;C
2201;33;A
2202;40;C
2203;33;A
2204;31;A
2205;33;A
2206;55;A
2207;48;A
2208;33;A
2209;65;A
2210;32;C
2211;61;C
2212;47;C
2213;41;C
2214;38;A
2215;34;A
2216;35;A
2217;52;C
2218;44;C
2219;51;C
2220;23;A
2221;33;C
2222;46;C
2223;41;C
2224;38;C
2225;17;A
2226;43;C
2227;41;A
2228;37;C
2229;39;C
2230;56;C
2231;47;C
2232;53;A
2233;53;C
2234;51;C
2235;35;C
2236;54;C
2237;32;C
2238;46;A
2239;42;A
2240;30;A
2241;44;A
2242;46;A
2243;47;A
2244;35;C
2245;21;C
2246;35;C
2247;56;C
2248;36;C
2249;36;A
2250;36;A
2251;49;C
2252;41;A
2253;28;C
2254;53;C
2255;29;A
2256;38;C
2257;40;C
2258;25;A
2259;59;A
2260;40;C
2261;46;C
2262;47;A
2263;52;A
2264;36;C
2265;58;A
2266;64;C
2267;26;A
2268;55;C
2269;32;C
2270;35;C
2271;29;A
2272;18;C
2273;29;A
2274;35;C
2275;45;A
2276;40;C
2277;40;C
2278;46;A
2279;35;C
2280;49;A
2281;40;A
2282;38;A
2283;28;A
2284;44;A
2285;46;C
2286;52;C
2287;44;C
2288;37;A
2289;48;A
2290;51;A
2291;44;C
2292;37;C
2293;39;C
2294;48;A
2295;42;A
2296;29;C
2297;46;C
2298;39;A
2299;27;C
2300;18;C
2301;50;C
2302;30;C
2303;33;C
2304;54;C
2305;39;A
2306;31;C
2307;46;A
2308;51;C
2309;44;C
2310;45;A
2311;26;C
2312;39;A
2313;53;C
2314;51;C
2315;30;C
2316;33;C
2317;37;A
2318;52;A
2319;47;A
2320;49;A
2321;33;C
2322;35;C
2323;20;C
2324;42;C
2325;22;A
2326;41;A
2327;47;C
2328;56;A
2329;37;A
2330;51;C
2331;36;C
2332;34;C
2333;41;C
2334;35;A
2335;18;C
2336;40;C
2337;35;C
2338;34;C
2339;58;C
2340;41;A
2341;47;C
2342;28;C
2343;27;A
2344;38;A
2345;50;C
2346;49;C
2347;38;A
2348;32;C
2349;37;C
2350;28;A
2351;31;C
2352;47;C
2353;41;C
2354;67;C
2355;40;A
2356;46;C
2357;37;A
2358;46;C
2359;39;C
2360;29;A
2361;34;C
2362;27;C
2363;45;C
2364;45;C
2365;29;C
2366;36;C
2367;43;C
2368;44;C
2369;45;A
2370;70;A
2371;47;C
2372;46;A
2373;41;C
2374;45;C
2375;45;A
2376;47;C
2377;45;A
2378;28;A
2379;57;C
2380;46;A
2381;39;A
2382;60;A
2383;48;A
2384;38;A
2385;38;A
2386;49;A
2387;35;C
2388;48;C
2389;26;C
2390;51;A
2391;53;C
2392;18;C
2393;46;A
2394;43;C
2395;40;C
2396;57;C
2397;47;C
2398;47;A
2399;35;C
2400;28;A
2401;50;C
2402;26;A
2403;46;C
2404;38;C
2405;53;C
2406;47;C
2407;47;C
2408;36;C
2409;39;A
2410;34;A
2411;38;C
2412;27;C
2413;36;C
2414;45;A
2415;44;C
2416;43;C
2417;47;C
2418;62;A
2419;36;C
2420;26;A
2421;36;A
2422;26;C
2423;55;C
2424;38;A
2425;23;A
2426;31;A
2427;44;A
2428;33;C
2429;40;C
2430;25;C
2431;40;C
2432;47;A
2433;28;A
2434;30;A
2435;40;A
2436;52;C
2437;45;A
2438;32;C
2439;48;C
2440;49;A
2441;46;C
2442;31;C
2443;36;C
2444;41;C
2445;42;C
2446;35;A
2447;45;A
2448;29;C
2449;39;C
2450;31;C
2451;49;C
2452;40;A
2453;46;C
2454;31;A
2455;39;A
2456;44;C
2457;44;C
2458;33;A
2459;41;A
2460;35;A
2461;41;A
2462;33;A
2463;35;A
2464;40;A
2465;30;C
2466;52;A
2467;37;C
2468;22;C
2469;48;C
2470;23;A
2471;44;C
2472;45;A
2473;31;A
2474;48;A
2475;31;C
2476;33;A
2477;35;C
2478;37;A
2479;39;C
2480;40;A
2481;49;C
2482;36;C
2483;43;A
2484;51;A
2485;60;C
2486;56;A
2487;51;C
2488;41;C
2489;41;C
2490;33;C
2491;37;C
2492;51;A
2493;42;A
2494;63;C
2495;50;C
2496;32;C
2497;45;C
2498;27;C
2499;32;C
2500;40;C
2501;37;C
2502;29;C
2503;23;C
2504;31;C
2505;25;A
2506;53;C
2507;41;A
2508;37;A
2509;18;A
2510;45;A
2511;33;A
2512;25;C
2513;65;C
2514;28;C
2515;39;C
2516;32;A
2517;19;C
2518;47;C
2519;20;C
2520;48;A
2521;39;A
2522;21;C
2523;59;C
2524;40;C
2525;33;C
2526;45;C
2527;31;A
2528;41;A
2529;35;A
2530;44;C
2531;31;C
2532;44;C
2533;44;C
2534;55;A
2535;21;A
2536;33;C
2537;54;C
2538;56;C
2539;34;C
2540;67;C
2541;34;C
2542;29;C
2543;33;C
2544;36;A
2545;56;A
2546;50;A
2547;35;A
2548;31;A
2549;37;C
2550;45;A
2551;43;C
2552;58;A
2553;45;C
2554;45;A
2555;33;C
2556;33;C
2557;44;C
2558;39;C
2559;37;A
2560;49;C
2561;59;A
2562;29;A
2563;53;A
2564;45;A
2565;23;C
2566;38;A
2567;45;A
2568;57;A
2569;52;C
2570;48;C
2571;49;A
2572;38;A
2573;26;C
2574;51;C
2575;45;C
2576;31;A
2577;45;C
2578;48;A
2579;38;A
2580;50;A
2581;33;C
2582;62;C
2583;42;C
2584;41;C
2585;46;C
2586;42;C
2587;26;A
2588;25;C
2589;34;C
2590;40;A
2591;25;A
2592;19;A
2593;27;C
2594;47;C
2595;42;A
2596;35;C
2597;48;A
2598;53;A
2599;44;C
2600;44;A
2601;18;A
2602;62;C
2603;33;A
2604;40;C
2605;32;A
2606;33;A
2607;45;C
2608;32;A
2609;39;A
2610;45;C
2611;32;C
2612;22;A
2613;37;C
2614;35;A
2615;40;C
2616;34;C
2617;33;C
2618;26;A
2619;42;C
2620;49;A
2621;45;C
2622;25;C
2623;49;C
2624;28;C
2625;40;A
2626;46;C
2627;39;C
2628;46;A
2629;25;A
2630;28;C
2631;30;A
2632;31;C
2633;29;C
2634;29;A
2635;54;C
2636;45;A
2637;41;C
2638;36;A
2639;26;A
2640;69;A
2641;35;C
2642;29;A
2643;51;A
2644;40;A
2645;54;C
2646;34;A
2647;57;C
2648;36;C
2649;53;C
2650;35;A
2651;46;C
2652;56;C
2653;44;A
2654;44;C
2655;45;C
2656;24;C
2657;37;A
2658;42;C
2659;33;A
2660;43;A
2661;30;A
2662;50;A
2663;42;C
2664;38;A
2665;55;C
2666;42;A
2667;28;C
2668;37;C
2669;46;C
2670;45;A
2671;43;C
2672;45;C
2673;43;A
2674;42;A
2675;52;C
2676;31;C
2677;40;C
2678;27;A
2679;59;C
2680;43;C
2681;56;A
2682;50;A
2683;48;C
2684;33;C
2685;16;A
2686;32;C
2687;22;C
2688;41;C
2689;48;C
2690;44;A
2691;40;A
2692;38;C
2693;27;A
2694;46;A
2695;43;C
2696;56;C
2697;33;A
2698;43;A
2699;52;C
2700;35;A
2701;31;C
2702;35;C
2703;30;A
2704;51;C
2705;27;A
2706;38;A
2707;26;A
2708;37;A
2709;34;A
2710;30;C
2711;37;C
2712;23;C
2713;52;A
2714;31;A
2715;32;A
2716;42;A
2717;24;C
2718;37;A
2719;40;C
2720;38;C
2721;54;C
2722;46;C
2723;17;A
2724;36;C
2725;36;C
2726;43;A
2727;39;C
2728;50;C
2729;55;C
2730;40;C
2731;40;A
2732;51;C
2733;28;C
2734;34;A
2735;39;C
2736;45;A
2737;24;C
2738;32;C
2739;39;A
2740;30;A
2741;45;A
2742;40;A
2743;46;C
2744;30;C
2745;60;C
2746;48;C
2747;47;C
2748;43;A
2749;48;C
2750;35;C
2751;50;A
2752;35;C
2753;46;C
2754;55;C
2755;23;C
2756;38;A
2757;40;A
2758;19;C
2759;34;C
2760;56;C
2761;45;C
2762;38;C
2763;58;A
2764;41;C
2765;43;A
2766;42;C
2767;33;C
2768;53;C
2769;32;C
2770;27;A
2771;30;C
2772;39;C
2773;39;C
2774;46;C
2775;54;A
2776;30;A
2777;22;C
2778;44;A
2779;20;C
2780;51;C
2781;40;C
2782;32;C
2783;54;C
2784;49;A
2785;39;C
2786;43;A
2787;54;A
2788;37;A
2789;35;A
2790;48;C
2791;43;A
2792;39;A
2793;31;A
2794;28;C
2795;27;C
2796;48;C
2797;42;A
2798;31;C
2799;28;A
2800;25;C
2801;38;C
2802;59;A
2803;29;C
2804;42;A
2805;37;C
2806;34;A
2807;32;A
2808;33;C
2809;43;C
2810;40;C
2811;32;A
2812;57;C
2813;41;A
2814;58;A
2815;29;A
2816;49;C
2817;39;C
2818;30;A
2819;26;C
2820;39;A
2821;27;C
2822;36;A
2823;47;C
2824;46;A
2825;37;C
2826;52;C
2827;45;A
2828;56;A
2829;54;A
2830;44;C
2831;25;A
2832;39;A
2833;31;A
2834;47;C
2835;31;A
2836;51;C
2837;39;A
2838;56;C
2839;42;C
2840;45;C
2841;44;C
2842;32;A
2843;54;A
2844;20;A
2845;30;C
2846;61;A
2847;37;C
2848;40;A
2849;44;C
2850;39;C
2851;46;A
2852;29;C
2853;34;A
2854;55;A
2855;36;A
2856;30;A
2857;38;C
2858;45;C
2859;46;A
2860;30;C
2861;55;A
2862;55;C
2863;25;A
2864;32;A
2865;38;A
2866;39;A
2867;31;C
2868;29;C
2869;45;C
2870;35;C
2871;22;C
2872;42;C
2873;52;C
2874;22;A
2875;39;A
2876;47;C
2877;16;A
2878;36;C
2879;44;C
2880;49;A
2881;25;C
2882;53;A
2883;45;A
2884;41;C
2885;16;C
2886;31;C
2887;58;C
2888;48;C
2889;47;C
2890;38;A
2891;46;C
2892;55;C
2893;27;A
2894;41;A
2895;44;A
2896;34;C
2897;40;A
2898;22;A
2899;52;A
2900;31;A
2901;48;A
2902;48;A
2903;56;C
2904;46;C
2905;29;C
2906;43;C
2907;48;A
2908;44;C
2909;16;A
2910;62;C
2911;50;C
2912;46;C
2913;35;A
2914;41;A
2915;41;A
2916;35;A
2917;23;C
2918;31;A
2919;35;C
2920;35;C
2921;52;C
2922;56;C
2923;33;C
2924;48;C
2925;37;A
2926;28;A
2927;33;A
2928;48;C
2929;58;C
2930;23;C
2931;56;C
2932;34;C
2933;53;A
2934;39;C
2935;21;C
2936;52;A
2937;29;A
2938;32;A
2939;58;A
2940;45;A
2941;32;C
2942;38;A
2943;31;C
2944;35;C
2945;33;A
2946;34;C
2947;39;C
2948;38;A
2949;29;C
2950;37;A
2951;34;C
2952;44;A
2953;30;A
2954;39;C
2955;40;C
2956;48;A
2957;48;C
2958;31;C
2959;27;C
2960;50;C
2961;44;A
2962;38;A
2963;32;C
2964;32;C
2965;25;A
2966;32;C
2967;20;A
2968;49;A
2969;16;C
2970;39;C
2971;29;A
2972;49;C
2973;33;A
2974;49;C
2975;60;C
2976;28;A
2977;41;C
2978;30;C
2979;33;A
2980;35;A
2981;29;A
2982;48;C
2983;38;C
2984;28;C
2985;46;C
2986;39;A
2987;44;C
2988;33;A
2989;39;A
2990;35;C
2991;46;C
2992;41;A
2993;42;C
2994;43;A
2995;26;C
2996;24;A
2997;32;A
2998;26;C
2999;59;C
3000;37;A
3001;41;C
3002;39;A
3003;39;C
3004;39;A
3005;35;C
3006;41;C
3007;42;C
3008;42;C
3009;39;C
3010;33;A
3011;31;A
3012;43;C
3013;30;C
3014;67;A
3015;28;C
3016;56;C
3017;34;C
3018;29;C
3019;29;C
3020;36;C
3021;37;C
3022;40;A
3023;30;A
3024;41;C
3025;43;C
3026;28;A
3027;16;A
3028;39;C
3029;44;C
3030;44;C
3031;42;A
3032;19;A
3033;47;A
3034;39;C
3035;41;C
3036;47;A
3037;32;A
3038;42;C
3039;56;A
3040;38;A
3041;36;C
3042;55;C
3043;45;C
3044;37;C
3045;35;A
3046;38;A
3047;24;C
3048;44;C
3049;33;C
3050;39;C
3051;48;A
3052;40;C
3053;38;C
3054;41;A
3055;45;C
3056;33;A
3057;69;C
3058;57;A
3059;38;A
3060;26;C
3061;34;C
3062;41;A
3063;44;A
3064;30;C
3065;49;A
3066;49;A
3067;54;C
3068;32;C
3069;17;C
3070;50;C
3071;35;A
3072;49;C
3073;34;C
3074;40;A
3075;49;A
3076;44;A
3077;41;A
3078;16;A
3079;41;C
3080;24;C
3081;49;A
3082;47;A
3083;63;A
3084;45;C
3085;40;C
3086;32;A
3087;37;C
3088;18;C
3089;47;C
3090;42;A
3091;28;A
3092;27;C
3093;26;A
3094;32;C
3095;28;C
3096;36;A
3097;51;C
3098;33;C
3099;35;C
3100;32;A
3101;30;A
3102;29;C
3103;26;C
3104;41;C
3105;28;C
3106;46;C
3107;40;A
3108;41;A
3109;63;C
3110;51;C
3111;41;C
3112;33;C
3113;53;C
3114;40;A
3115;36;C
3116;37;C
3117;44;A
3118;47;C
3119;36;C
3120;62;C
3121;37;C
3122;54;C
3123;21;A
3124;42;C
3125;43;C
3126;19;A
3127;54;A
3128;47;C
3129;25;A
3130;33;A
3131;49;A
3132;36;C
3133;44;A
3134;37;A
3135;38;C
3136;34;C
3137;19;C
3138;35;A
3139;58;C
3140;38;C
3141;34;C
3142;41;C
3143;38;C
3144;34;A
3145;40;A
3146;33;C
3147;46;C
3148;33;C
3149;34;A
3150;42;C
3151;31;C
3152;41;C
3153;44;C
3154;64;A
3155;46;A
3156;45;A
3157;57;A
3158;25;A
3159;44;C
3160;46;A
3161;47;C
3162;51;C
3163;44;A
3164;42;C
3165;24;A
3166;35;C
3167;38;C
3168;50;C
3169;40;C
3170;31;C
3171;29;C
3172;31;A
3173;43;C
3174;36;C
3175;38;C
3176;58;C
3177;28;C
3178;42;A
3179;51;C
3180;50;C
3181;55;A
3182;42;C
3183;29;A
3184;31;C
3185;49;A
3186;25;C
3187;49;C
3188;48;A
3189;52;A
3190;20;A
3191;52;A
3192;41;A
3193;43;C
3194;26;A
3195;49;A
3196;38;C
3197;37;C
3198;33;C
3199;40;A
3200;47;C
3201;56;A
3202;27;C
3203;59;A
3204;57;A
3205;47;A
3206;44;A
3207;37;A
3208;43;A
3209;38;C
3210;51;A
3211;38;C
3212;26;C
3213;30;C
3214;45;C
3215;25;A
3216;43;A
3217;42;C
3218;54;C
3219;40;C
3220;32;C
3221;19;A
3222;41;C
3223;39;A
3224;29;A
3225;36;C
3226;27;C
3227;41;A
3228;39;C
3229;27;C
3230;36;C
3231;47;A
3232;42;A
3233;48;C
3234;24;A
3235;45;C
3236;38;C
3237;37;A
3238;44;A
3239;33;C
3240;35;C
3241;43;C
3242;43;C
3243;37;A
3244;29;C
3245;40;C
3246;48;C
3247;42;C
3248;34;C
3249;30;C
3250;51;C
3251;24;C
3252;55;C
3253;51;A
3254;57;C
3255;39;A
3256;48;C
3257;20;A
3258;35;C
3259;48;C
3260;36;A
3261;30;A
3262;38;C
3263;43;A
3264;45;C
3265;46;C
3266;32;C
3267;55;C
3268;37;C
3269;46;A
3270;34;A
3271;51;C
3272;40;A
3273;32;A
3274;47;A
3275;51;A
3276;27;A
3277;25;A
3278;48;A
3279;46;A
3280;53;C
3281;23;C
3282;51;A
3283;32;C
3284;51;A
3285;52;C
3286;43;A
3287;24;A
3288;39;C
3289;47;C
3290;46;C
3291;23;A
3292;68;A
3293;33;A
3294;60;C
3295;54;C
3296;42;C
3297;29;A
3298;45;C
3299;31;A
3300;25;C
3301;49;C
3302;43;C
3303;26;A
3304;49;C
3305;45;A
3306;59;C
3307;44;C
3308;30;A
3309;50;A
3310;50;A
3311;38;A
3312;40;A
3313;43;C
3314;33;C
3315;50;C
3316;51;C
3317;33;A
3318;37;A
3319;54;A
3320;30;C
3321;37;C
3322;32;C
3323;51;C
3324;42;A
3325;50;C
3326;28;A
3327;35;C
3328;35;A
3329;51;A
3330;34;C
3331;32;C
3332;35;A
3333;32;A
3334;41;C
3335;34;A
3336;37;C
3337;32;C
3338;47;C
3339;37;A
3340;42;C
3341;48;C
3342;39;C
3343;44;C
3344;18;A
3345;48;A
3346;28;C
3347;52;A
3348;24;C
3349;35;A
3350;33;C
3351;32;A
3352;47;C
3353;46;C
3354;44;C
3355;44;C
3356;46;A
3357;57;C
3358;36;A
3359;30;C
3360;40;A
3361;41;C
3362;35;C
3363;33;C
3364;59;C
3365;48;C
3366;38;C
3367;47;A
3368;34;C
3369;50;A
3370;27;C
3371;44;C
3372;31;C
3373;48;A
3374;42;C
3375;58;C
3376;49;A
3377;38;A
3378;30;A
3379;34;C
3380;45;A
3381;39;C
3382;24;C
3383;51;C
3384;30;C
3385;27;C
3386;31;A
3387;39;C
3388;38;A
3389;41;C
3390;38;A
3391;25;C
3392;62;C
3393;43;C
3394;27;C
3395;55;C
3396;53;A
3397;36;A
3398;35;A
3399;23;C
3400;37;A
3401;42;C
3402;37;C
3403;42;A
3404;62;A
3405;63;C
3406;47;C
3407;32;C
3408;46;C
3409;35;A
3410;20;A
3411;35;A
3412;41;C
3413;31;C
3414;46;C
3415;45;A
3416;50;A
3417;34;A
3418;27;C
3419;31;C
3420;48;C
3421;35;A
3422;47;A
3423;39;C
3424;49;C
3425;25;A
3426;48;A
3427;44;C
3428;33;C
3429;29;C
3430;31;C
3431;40;A
3432;21;C
3433;48;A
3434;43;C
3435;38;C
3436;33;C
3437;36;C
3438;35;C
3439;44;C
3440;38;A
3441;33;C
3442;32;C
3443;33;C
3444;47;C
3445;54;C
3446;34;A
3447;28;C
3448;44;C
3449;41;C
3450;37;C
3451;42;C
3452;36;C
3453;46;C
3454;36;A
3455;61;C
3456;30;A
3457;39;C
3458;40;C
3459;32;C
3460;37;A
3461;18;C
3462;40;A
3463;57;C
3464;40;C
3465;24;A
3466;42;C
3467;36;A
3468;45;A
3469;35;C
3470;43;C
3471;19;A
3472;25;C
3473;32;C
3474;39;A
3475;41;C
3476;42;A
3477;36;C
3478;28;C
3479;25;A
3480;37;C
3481;35;A
3482;40;A
3483;43;C
3484;37;C
3485;34;A
3486;35;C
3487;60;C
3488;24;A
3489;38;C
3490;54;A
3491;43;A
3492;32;C
3493;47;C
3494;48;A
3495;48;C
3496;28;C
3497;50;A
3498;23;A
3499;49;C
3500;43;C
3501;50;C
3502;31;C
3503;46;A
3504;29;C
3505;54;A
3506;37;A
3507;49;C
3508;37;A
3509;34;C
3510;43;C
3511;32;A
3512;52;C
3513;37;A
3514;50;C
3515;19;A
3516;43;A
3517;56;C
3518;45;A
3519;27;C
3520;35;C
3521;51;C
3522;47;A
3523;37;C
3524;50;A
3525;45;C
3526;33;C
3527;27;A
3528;46;A
3529;34;A
3530;47;A
3531;65;C
3532;56;A
3533;39;C
3534;32;A
3535;45;C
3536;44;C
3537;48;A
3538;55;C
3539;32;A
3540;49;C
3541;50;C
3542;33;C
3543;27;C
3544;58;A
3545;35;C
3546;27;C
3547;42;C
3548;52;A
3549;31;A
3550;39;A
3551;52;C
3552;42;C
3553;64;C
3554;59;C
3555;38;C
3556;30;A
3557;33;C
3558;43;C
3559;44;A
3560;45;A
3561;27;C
3562;30;C
3563;33;C
3564;47;C
3565;25;C
3566;45;A
3567;24;C
3568;35;C
3569;35;A
3570;39;C
3571;37;C
3572;39;C
3573;34;C
3574;26;C
3575;26;C
3576;39;C
3577;31;A
3578;29;C
3579;58;A
3580;45;C
3581;36;C
3582;47;A
3583;40;A
3584;26;A
3585;29;C
3586;48;C
3587;34;A
3588;40;C
3589;39;C
3590;41;C
3591;41;C
3592;33;A
3593;41;C
3594;54;C
3595;36;C
3596;31;A
3597;32;A
3598;25;C
3599;39;C
3600;52;A
3601;36;C
3602;35;C
3603;31;C
3604;36;A
3605;20;A
3606;39;C
3607;30;A
3608;45;A
3609;44;A
3610;60;C
3611;34;C
3612;39;C
3613;42;C
3614;35;C
3615;33;C
3616;29;A
3617;31;C
3618;40;C
3619;38;A
3620;16;A
3621;27;C
3622;40;A
3623;45;C
3624;40;A
3625;50;A
3626;51;C
3627;54;C
3628;26;C
3629;24;A
3630;50;C
3631;38;A
3632;45;C
3633;61;A
3634;59;A
3635;37;A
3636;35;A
3637;30;C
3638;42;C
3639;50;C
3640;48;A
3641;52;C
3642;43;C
3643;33;A
3644;38;C
3645;57;A
3646;47;C
3647;48;A
3648;24;C
3649;37;C
3650;36;C
3651;39;C
3652;37;C
3653;42;A
3654;42;A
3655;30;C
3656;53;C
3657;50;C
3658;21;A
3659;35;C
3660;26;C
3661;36;A
3662;38;A
3663;38;A
3664;42;C
3665;38;C
3666;32;A
3667;35;C
3668;45;C
3669;38;A
3670;30;C
3671;38;A
3672;46;C
3673;48;C
3674;45;C
3675;47;A
3676;37;C
3677;42;C
3678;37;C
3679;40;A
3680;37;C
3681;31;C
3682;38;C
3683;40;C
3684;39;A
3685;25;C
3686;38;C
3687;48;C
3688;52;A
3689;46;A
3690;40;A
3691;35;C
3692;21;C
3693;39;C
3694;30;C
3695;38;C
3696;32;A
3697;36;C
3698;34;C
3699;47;C
3700;22;C
3701;57;C
3702;49;C
3703;47;C
3704;40;C
3705;35;A
3706;55;C
3707;37;A
3708;56;A
3709;39;A
3710;31;A
3711;42;A
3712;46;C
3713;42;C
3714;45;A
3715;47;A
3716;40;A
3717;56;C
3718;34;A
3719;39;C
3720;48;A
3721;47;C
3722;26;C
3723;46;A
3724;20;A
3725;37;A
3726;45;A
3727;29;A
3728;40;C
3729;48;C
3730;54;C
3731;53;A
3732;32;C
3733;33;A
3734;45;C
3735;45;A
3736;63;A
3737;45;C
3738;41;C
3739;58;C
3740;37;A
3741;30;C
3742;42;C
3743;46;C
3744;46;C
3745;47;A
3746;48;A
3747;41;C
3748;37;C
3749;40;C
3750;32;C
3751;32;C
3752;31;A
3753;30;C
3754;58;C
3755;44;C
3756;52;C
3757;47;A
3758;68;A
3759;42;A
3760;34;A
3761;27;C
3762;43;A
3763;46;A
3764;36;A
3765;43;A
3766;44;A
3767;37;C
3768;19;A
3769;36;A
3770;53;C
3771;52;A
3772;37;A
3773;31;A
3774;46;A
3775;33;A
3776;24;A
3777;40;C
3778;38;C
3779;61;A
3780;40;A
3781;39;C
3782;50;A
3783;30;A
3784;34;C
3785;26;C
3786;29;C
3787;40;C
3788;31;C
3789;44;C
3790;31;A
3791;35;C
3792;26;C
3793;33;A
3794;50;A
3795;34;C
3796;44;C
3797;38;A
3798;48;C
3799;44;A
3800;34;A
3801;52;C
3802;60;A
3803;50;A
3804;27;C
3805;46;A
3806;17;A
3807;26;C
3808;37;A
3809;41;C
3810;41;C
3811;17;C
3812;31;A
3813;30;C
3814;42;C
3815;36;A
3816;47;C
3817;47;A
3818;59;C
3819;43;C
3820;44;A
3821;23;C
3822;39;C
3823;59;A
3824;31;C
3825;25;A
3826;20;A
3827;39;C
3828;35;A
3829;30;C
3830;26;C
3831;39;C
3832;27;C
3833;34;A
3834;39;A
3835;55;A
3836;34;A
3837;40;C
3838;46;A
3839;46;C
3840;34;C
3841;50;C
3842;42;A
3843;41;C
3844;34;C
3845;32;C
3846;34;A
3847;43;A
3848;47;A
3849;31;C
3850;40;C
3851;28;A
3852;43;C
3853;29;C
3854;57;C
3855;33;A
3856;27;A
3857;37;A
3858;39;C
3859;48;C
3860;52;A
3861;36;A
3862;50;A
3863;21;C
3864;41;A
3865;57;C
3866;44;C
3867;47;A
3868;35;C
3869;21;C
3870;32;A
3871;55;A
3872;24;C
3873;29;A
3874;40;A
3875;31;C
3876;31;A
3877;37;A
3878;33;A
3879;31;C
3880;43;C
3881;50;C
3882;46;C
3883;28;A
3884;41;C
3885;25;C
3886;34;A
3887;45;C
3888;40;C
3889;39;C
3890;54;A
3891;38;C
3892;28;C
3893;52;C
3894;36;A
3895;38;C
3896;41;C
3897;38;C
3898;48;C
3899;42;C
3900;38;C
3901;26;A
3902;39;C
3903;37;C
3904;46;C
3905;31;C
3906;51;A
3907;26;A
3908;41;A
3909;55;C
3910;35;C
3911;39;C
3912;32;A
3913;57;A
3914;53;A
3915;42;C
3916;25;C
3917;44;A
3918;30;A
3919;67;C
3920;44;C
3921;33;C
3922;56;C
3923;47;A
3924;32;C
3925;44;A
3926;39;C
3927;40;A
3928;36;C
3929;35;A
3930;64;C
3931;29;A
3932;46;C
3933;58;C
3934;36;A
3935;25;C
3936;33;A
3937;34;A
3938;49;C
3939;38;C
3940;47;A
3941;43;C
3942;51;A
3943;33;A
3944;50;C
3945;43;C
3946;37;C
3947;26;C
3948;47;A
3949;25;C
3950;60;A
3951;47;A
3952;28;C
3953;35;A
3954;28;C
3955;22;C
3956;28;C
3957;43;C
3958;37;C
3959;54;C
3960;56;A
3961;36;C
3962;32;C
3963;41;C
3964;50;A
3965;48;A
3966;22;A
3967;48;C
3968;52;A
3969;33;C
3970;45;A
3971;47;C
3972;43;A
3973;35;C
3974;32;A
3975;48;C
3976;33;C
3977;47;A
3978;45;A
3979;22;A
3980;51;C
3981;17;A
3982;34;A
3983;34;C
3984;47;C
3985;53;C
3986;33;C
3987;42;A
3988;34;C
3989;35;A
3990;61;C
3991;40;C
3992;44;C
3993;38;A
3994;44;C
3995;47;C
3996;31;A
3997;39;C
3998;30;C
3999;44;A
4000;42;C
4001;46;C
4002;44;C
4003;49;C
4004;41;C
4005;30;A
4006;38;C
4007;44;C
4008;33;A
4009;39;C
4010;41;C
4011;35;A
4012;40;C
4013;25;C
4014;39;C
4015;41;C
4016;44;C
4017;32;A
4018;43;C
4019;36;C
4020;50;C
4021;43;A
4022;49;A
4023;49;C
4024;52;A
4025;42;C
4026;44;A
4027;46;C
4028;46;C
4029;29;A
4030;40;C
4031;22;C
4032;34;C
4033;39;C
4034;50;A
4035;34;A
4036;34;A
4037;47;C
4038;22;C
4039;44;C
4040;38;C
4041;54;C
4042;46;A
4043;33;C
4044;38;A
4045;58;C
4046;38;A
4047;34;A
4048;31;C
4049;57;C
4050;42;C
4051;46;C
4052;46;C
4053;43;C
4054;46;C
4055;36;C
4056;42;A
4057;37;C
4058;51;C
4059;30;A
4060;40;C
4061;33;C
4062;32;C
4063;49;C
4064;52;A
4065;22;C
4066;21;C
4067;39;C
4068;44;C
4069;42;A
4070;54;C
4071;45;A
4072;42;A
4073;42;C
4074;60;A
4075;44;C
4076;45;A
4077;60;C
4078;56;C
4079;51;A
4080;30;C
4081;40;A
4082;54;C
4083;53;A
4084;44;C
4085;39;C
4086;51;A
4087;50;C
4088;43;C
4089;30;C
4090;56;A
4091;49;A
4092;50;C
4093;37;C
4094;48;A
4095;40;A
4096;46;A
4097;19;C
4098;45;A
4099;55;A
4100;47;C
4101;32;A
4102;42;A
4103;47;C
4104;39;A
4105;50;A
4106;31;C
4107;46;A
4108;42;C
4109;33;C
4110;42;C
4111;36;C
4112;46;A
4113;65;C
4114;41;C
4115;44;A
4116;37;C
4117;28;A
4118;41;A
4119;36;C
4120;37;C
4121;35;C
4122;41;A
4123;44;A
4124;22;A
4125;44;A
4126;43;A
4127;51;A
4128;41;C
4129;44;A
4130;73;A
4131;34;C
4132;55;C
4133;51;C
4134;38;C
4135;30;A
4136;40;C
4137;25;C
4138;35;C
4139;40;C
4140;54;C
4141;43;C
4142;33;A
4143;36;A
4144;36;C
4145;49;C
4146;44;C
4147;59;C
4148;22;A
4149;43;C
4150;33;C
4151;43;C
4152;40;C
4153;44;C
4154;54;A
4155;22;C
4156;25;A
4157;24;C
4158;28;A
4159;34;C
4160;40;C
4161;41;C
4162;58;A
4163;34;C
4164;37;A
4165;40;C
4166;35;C
4167;58;A
4168;49;C
4169;25;A
4170;48;C
4171;66;A
4172;23;A
4173;40;C
4174;40;A
4175;25;C
4176;39;C
4177;28;C
4178;28;C
4179;42;C
4180;34;C
4181;51;C
4182;41;A
4183;24;C
4184;43;A
4185;47;C
4186;47;A
4187;29;C
4188;38;A
4189;46;A
4190;49;C
4191;45;C
4192;41;A
4193;36;A
4194;33;C
4195;27;A
4196;46;C
4197;54;C
4198;36;C
4199;42;A
4200;64;C
4201;38;C
4202;42;C
4203;54;A
4204;54;A
4205;43;C
4206;23;C
4207;43;C
4208;54;C
4209;44;A
4210;49;A
4211;54;C
4212;45;A
4213;41;A
4214;36;A
4215;32;A
4216;43;C
4217;56;C
4218;33;A
4219;39;A
4220;32;C
4221;48;C
4222;37;A
4223;46;A
4224;37;A
4225;41;C
4226;47;A
4227;43;A
4228;33;A
4229;36;C
4230;37;A
4231;57;A
4232;31;C
4233;66;C
4234;25;A
4235;47;C
4236;54;A
4237;26;A
4238;38;C
4239;51;A
4240;37;C
4241;32;A
4242;32;A
4243;42;A
4244;42;A
4245;46;A
4246;43;C
4247;32;A
4248;38;A
4249;48;C
4250;43;A
4251;58;C
4252;34;A
4253;34;C
4254;49;C
4255;31;C
4256;49;A
4257;49;A
4258;60;C
4259;48;A
4260;33;C
4261;32;A
4262;35;A
4263;39;A
4264;45;A
4265;22;C
4266;42;C
4267;29;C
4268;44;C
4269;40;C
4270;44;C
4271;36;C
4272;32;C
4273;47;A
4274;50;C
4275;41;C
4276;36;C
4277;55;C
4278;54;C
4279;32;C
4280;37;C
4281;41;C
4282;34;C
4283;36;A
4284;37;A
4285;46;C
4286;51;A
4287;41;A
4288;46;C
4289;43;A
4290;36;C
4291;48;A
4292;33;A
4293;23;A
4294;35;A
4295;48;C
4296;45;A
4297;37;C
4298;36;C
4299;49;C
4300;38;C
4301;29;C
4302;49;C
4303;42;C
4304;48;C
4305;32;C
4306;27;A
4307;49;C
4308;46;A
4309;29;A
4310;47;A
4311;44;C
4312;37;C
4313;39;C
4314;43;C
4315;33;C
4316;44;C
4317;45;C
4318;44;C
4319;47;A
4320;42;C
4321;42;A
4322;45;A
4323;29;A
4324;33;C
4325;33;A
4326;53;A
4327;29;C
4328;25;A
4329;39;C
4330;49;A
4331;34;A
4332;36;A
4333;37;C
4334;49;C
4335;57;C
4336;34;A
4337;33;A
4338;34;C
4339;35;A
4340;41;A
4341;23;A
4342;28;C
4343;55;C
4344;40;A
4345;46;C
4346;40;A
4347;55;A
4348;38;C
4349;26;A
4350;28;C
4351;71;C
4352;38;C
4353;28;C
4354;37;C
4355;35;C
4356;40;A
4357;40;C
4358;41;C
4359;33;C
4360;61;C
4361;30;A
4362;26;C
4363;35;A
4364;42;A
4365;45;A
4366;38;C
4367;53;C
4368;33;C
4369;37;C
4370;34;A
4371;39;A
4372;42;A
4373;38;C
4374;44;C
4375;40;C
4376;33;C
4377;34;A
4378;37;C
4379;28;A
4380;39;C
4381;43;C
4382;44;C
4383;33;A
4384;35;C
4385;51;C
4386;33;C
4387;41;C
4388;56;A
4389;32;A
4390;54;A
4391;32;C
4392;30;A
4393;28;C
4394;35;C
4395;47;C
4396;29;C
4397;43;C
4398;31;A
4399;36;C
4400;46;A
4401;33;A
4402;41;A
4403;48;C
4404;51;A
4405;38;C
4406;66;C
4407;55;C
4408;40;A
4409;42;A
4410;36;A
4411;34;C
4412;32;A
4413;37;C
4414;24;A
4415;37;A
4416;50;A
4417;21;C
4418;30;A
4419;50;A
4420;43;C
4421;19;A
4422;33;C
4423;37;C
4424;48;C
4425;46;C
4426;53;C
4427;31;A
4428;38;A
4429;38;A
4430;43;C
4431;46;C
4432;35;C
4433;23;C
4434;52;A
4435;44;C
4436;29;C
4437;41;A
4438;42;A
4439;48;C
4440;44;C
4441;42;C
4442;36;A
4443;52;C
4444;49;C
4445;46;A
4446;26;A
4447;35;A
4448;43;A
4449;40;C
4450;37;A
4451;19;A
4452;23;A
4453;35;C
4454;33;A
4455;38;C
4456;28;C
4457;23;A
4458;29;C
4459;45;A
4460;34;A
4461;32;C
4462;31;A
4463;23;C
4464;34;C
4465;31;A
4466;32;A
4467;39;C
4468;21;A
4469;35;C
4470;41;C
4471;50;C
4472;47;C
4473;36;C
4474;44;C
4475;53;C
4476;55;A
4477;32;A
4478;47;C
4479;41;A
4480;39;C
4481;38;A
4482;34;C
4483;43;C
4484;60;A
4485;46;C
4486;57;A
4487;41;C
4488;47;C
4489;32;C
4490;49;C
4491;49;A
4492;32;C
4493;43;C
4494;41;A
4495;38;A
4496;37;A
4497;58;A
4498;52;C
4499;68;C
4500;47;A
4501;44;C
4502;33;C
4503;49;A
4504;42;C
4505;45;C
4506;39;A
4507;59;A
4508;53;A
4509;56;C
4510;45;A
4511;18;C
4512;48;A
4513;37;A
4514;52;A
4515;54;A
4516;19;C
4517;50;A
4518;44;A
4519;41;A
4520;54;C
4521;42;A
4522;32;C
4523;43;C
4524;26;A
4525;34;A
4526;55;A
4527;44;C
4528;40;C
4529;27;C
4530;41;A
4531;20;C
4532;38;C
4533;42;C
4534;46;A
4535;50;C
4536;43;C
4537;35;C
4538;41;A
4539;34;C
4540;41;A
4541;43;C
4542;44;C
4543;54;C
4544;54;C
4545;39;C
4546;36;C
4547;42;C
4548;33;C
4549;25;C
4550;20;C
4551;31;C
4552;49;C
4553;39;C
4554;58;C
4555;18;C
4556;51;C
4557;27;A
4558;33;C
4559;44;C
4560;45;A
4561;48;C
4562;29;C
4563;44;A
4564;58;C
4565;41;A
4566;48;C
4567;58;A
4568;45;C
4569;44;C
4570;31;A
4571;44;A
4572;31;C
4573;33;C
4574;55;C
4575;41;A
4576;43;C
4577;56;A
4578;42;A
4579;63;C
4580;52;C
4581;23;A
4582;31;A
4583;48;A
4584;42;C
4585;60;C
4586;57;A
4587;46;C
4588;52;A
4589;55;C
4590;47;C
4591;47;A
4592;25;A
4593;30;C
4594;45;C
4595;26;C
4596;23;A
4597;40;C
4598;31;C
4599;42;C
4600;43;A
4601;36;A
4602;29;C
4603;39;C
4604;50;A
4605;45;A
4606;51;C
4607;50;C
4608;29;C
4609;52;C
4610;28;A
4611;41;C
4612;28;C
4613;42;A
4614;39;C
4615;38;C
4616;29;A
4617;39;A
4618;34;C
4619;26;C
4620;49;C
4621;52;A
4622;26;A
4623;42;C
4624;37;C
4625;37;C
4626;39;A
4627;37;C
4628;48;A
4629;45;C
4630;36;C
4631;55;C
4632;32;A
4633;34;C
4634;37;C
4635;34;C
4636;35;A
4637;29;C
4638;43;A
4639;48;C
4640;34;A
4641;44;C
4642;43;A
4643;20;A
4644;37;A
4645;25;A
4646;45;C
4647;50;A
4648;53;C
4649;29;C
4650;26;C
4651;36;A
4652;41;A
4653;48;C
4654;34;A
4655;32;C
4656;36;C
4657;47;C
4658;54;A
4659;39;C
4660;45;C
4661;56;C
4662;31;A
4663;53;A
4664;48;C
4665;33;C
4666;27;C
4667;38;A
4668;40;A
4669;40;C
4670;50;A
4671;46;A
4672;56;C
4673;48;C
4674;57;C
4675;34;C
4676;63;C
4677;47;C
4678;55;A
4679;46;A
4680;40;C
4681;17;C
4682;39;C
4683;29;A
4684;58;C
4685;25;C
4686;42;C
4687;54;C
4688;34;A
4689;37;C
4690;60;C
4691;55;A
4692;42;C
4693;40;C
4694;38;C
4695;52;C
4696;41;C
4697;30;A
4698;31;C
4699;51;C
4700;31;C
4701;29;C
4702;73;A
4703;40;C
4704;40;C
4705;31;C
4706;35;C
4707;48;A
4708;40;A
4709;35;A
4710;51;C
4711;35;C
4712;51;C
4713;46;C
4714;52;C
4715;46;A
4716;27;C
4717;32;A
4718;32;C
4719;44;C
4720;37;C
4721;31;A
4722;59;A
4723;34;A
4724;45;A
4725;33;A
4726;43;C
4727;41;C
4728;47;C
4729;56;A
4730;55;A
4731;51;C
4732;36;C
4733;52;A
4734;43;A
4735;26;C
4736;55;C
4737;45;C
4738;33;C
4739;53;A
4740;42;C
4741;54;A
4742;54;C
4743;39;A
4744;40;A
4745;63;C
4746;51;C
4747;54;C
4748;20;A
4749;39;C
4750;33;C
4751;20;C
4752;31;C
4753;29;C
4754;32;C
4755;40;A
4756;44;A
4757;45;C
4758;21;A
4759;33;C
4760;35;C
4761;39;A
4762;21;C
4763;31;A
4764;59;C
4765;46;C
4766;38;C
4767;38;A
4768;36;A
4769;53;C
4770;35;C
4771;31;C
4772;42;A
4773;44;C
4774;44;C
4775;47;C
4776;47;A
4777;41;C
4778;28;C
4779;53;A
4780;49;C
4781;34;C
4782;24;C
4783;46;A
4784;47;C
4785;45;A
4786;34;A
4787;48;C
4788;37;C
4789;38;C
4790;48;C
4791;54;C
4792;48;A
4793;39;C
4794;46;C
4795;35;C
4796;54;A
4797;40;C
4798;41;A
4799;33;A
4800;36;A
4801;29;C
4802;29;A
4803;38;C
4804;41;A
4805;35;C
4806;55;C
4807;35;A
4808;42;A
4809;51;A
4810;21;C
4811;47;C
4812;35;A
4813;38;C
4814;55;C
4815;30;A
4816;42;C
4817;34;C
4818;43;A
4819;40;A
4820;49;A
4821;38;C
4822;35;A
4823;43;C
4824;29;A
4825;39;C
4826;30;A
4827;29;A
4828;38;A
4829;41;A
4830;40;A
4831;45;C
4832;51;C
4833;34;C
4834;29;C
4835;45;C
4836;38;C
4837;28;C
4838;23;C
4839;46;C
4840;41;A
4841;40;A
4842;30;C
4843;29;A
4844;27;A
4845;38;A
4846;39;C
4847;49;C
4848;40;C
4849;38;A
4850;51;A
4851;37;C
4852;42;C
4853;46;C
4854;42;A
4855;43;A
4856;37;A
4857;53;C
4858;52;C
4859;56;C
4860;39;A
4861;27;A
4862;32;C
4863;41;A
4864;39;A
4865;45;A
4866;38;A
4867;57;C
4868;47;C
4869;42;A
4870;32;C
4871;32;A
4872;29;C
4873;29;A
4874;46;A
4875;42;C
4876;53;A
4877;57;C
4878;43;A
4879;41;C
4880;33;C
4881;36;C
4882;47;A
4883;34;C
4884;43;C
4885;32;C
4886;26;A
4887;43;A
4888;37;C
4889;44;A
4890;46;A
4891;46;A
4892;18;A
4893;38;A
4894;38;C
4895;35;C
4896;51;C
4897;28;C
4898;33;A
4899;41;C
4900;34;C
4901;42;A
4902;29;C
4903;43;C
4904;41;C
4905;31;A
4906;35;C
4907;28;A
4908;39;A
4909;27;C
4910;38;C
4911;27;C
4912;19;A
4913;34;C
4914;46;C
4915;38;A
4916;38;C
4917;42;A
4918;55;A
4919;34;A
4920;33;C
4921;41;A
4922;48;A
4923;61;C
4924;36;A
4925;43;C
4926;56;C
4927;44;C
4928;31;C
4929;58;C
4930;37;C
4931;33;C
4932;31;C
4933;29;C
4934;31;C
4935;35;A
4936;33;C
4937;41;A
4938;41;C
4939;24;C
4940;30;C
4941;32;C
4942;39;C
4943;29;A
4944;29;C
4945;18;C
4946;65;A
4947;46;C
4948;42;A
4949;32;C
4950;52;A
4951;31;C
4952;19;C
4953;26;A
4954;44;A
4955;44;A
4956;35;A
4957;49;A
4958;28;C
4959;24;C
4960;32;A
4961;37;A
4962;50;C
4963;33;C
4964;33;C
4965;42;A
4966;50;C
4967;42;C
4968;43;C
4969;37;A
4970;20;C
4971;22;C
4972;53;C
4973;21;C
4974;43;C
4975;36;C
4976;48;C
4977;43;C
4978;44;C
4979;48;A
4980;22;C
4981;39;A
4982;40;C
4983;54;A
4984;52;C
4985;36;C
4986;17;A
4987;42;A
4988;38;C
4989;46;C
4990;39;A
4991;45;A
4992;49;C
4993;35;C
4994;37;C
4995;52;C
4996;36;A
4997;34;A
4998;22;A
4999;31;C
5000;49;C
